Ticker,ROI
A,-0.0010234644690589939
AA,-0.005065819568413164
AAL,-0.05123902162815514
AAME,-0.17606387484137606
AAOI,-0.13519158895989553
AAON,0.08002690921635089
AAP,0.03825425993254717
AAPL,0.03655617012954882
AAT,0.014865141457302897
AAWW,-0.045899842387403335
ABBV,0.029715064258658067
ABC,0.008337766441697049
ABCB,-0.033104861834874946
ABEO,0.29971066735912777
ABG,0.03051900848929698
ABIO,0.27199852697172283
ABM,0.04301992018300078
ABMD,-0.22385167550490911
ABR,-0.023919960170108067
ABT,0.023155822683471706
ABTX,0.015184145057128786
AC,0.0072558924849031895
ACAD,-0.6505405691313336
ACBI,0.005943753510684519
ACC,-0.05388902078412348
ACCO,-0.04157658287212198
ACER,0.26308211514647095
ACGL,-0.06702045356732216
ACHC,-0.09099335739223163
ACHV,0.5398320868459335
ACIW,-0.07706307727603268
ACLS,0.11002988179079651
ACM,0.030043705744568966
ACMR,-0.24936891036649994
ACN,0.10631979084201025
ACNB,-0.048877077809494754
ACOR,-0.6845426274871249
ACRE,-0.15336229781209496
ACRS,0.2420785728609448
ACRX,0.13409657212483214
ACTG,-0.2415480966570342
ACU,-0.23237530455166738
ACY,1.0139517885378615
ADBE,0.05718939476100225
ADC,0.012062260354655218
ADES,0.17063457682195904
ADI,0.059252342721075026
ADM,0.03577749240439807
ADMA,-0.24004822400092599
ADMP,0.18151352650107647
ADMS,0.02590892295537784
ADNT,-0.08690984529131056
ADP,-0.020018546508716425
ADS,-0.15134109308307875
ADSK,0.08757311586937692
ADT,-0.003932223294071404
ADTN,0.014442839519814296
ADUS,-0.03938091109135579
ADVM,0.32601001738149943
ADXS,0.18725349344639036
AE,-0.0767612585853403
AEE,-0.05001714151806358
AEHR,1.386954415481267
AEIS,-0.011292102062472087
AEL,-0.005372767042095007
AEMD,-0.28684965201685625
AEO,-0.2848963477273591
AEP,-0.07823431273417382
AERI,0.2818417537870827
AES,-0.011124688607439336
AEY,-0.12241443430373862
AFG,-0.03850089942370717
AFI,0.059719814752769836
AFL,-0.09878154339388145
AGCO,0.04837348903638787
AGEN,-0.3865705861490686
AGFS,-0.017953035356016084
AGIO,0.14429274529843594
AGLE,0.048662494204664404
AGM,0.15780227892024504
AGNC,-0.1230521152128988
AGO,0.0009916578102306024
AGR,-0.02547905878385056
AGRX,0.13340636027850172
AGS,0.2453722790844635
AGTC,0.22778678604072203
AGX,-0.08611866092666394
AGYS,-0.10304958183244195
AHH,0.036004006025052285
AHT,0.05118993099825589
AIG,-0.09506138644027169
AIMC,-0.13047116434997696
AIN,-0.13359586584025965
AINC,0.26501514498294076
AIR,0.0038621851148239413
AIRG,-0.2749996090317902
AIRI,-0.05762979561909823
AIRT,-0.2374787118513845
AIT,-0.0019746202497106925
AIV,-0.13065008753063928
AIZ,0.020049774168982334
AJG,0.12606371573580585
AJRD,-0.06716979130335729
AJX,-0.07560535439517896
AKAM,0.02277782860125177
AKBA,0.22172327043717552
AKR,-0.006470998968139768
AKTS,-0.2884260536614862
AL,-0.10300037340005844
ALB,0.0186405375325142
ALBO,-0.10655906532314774
ALCO,-0.07735195717835004
ALDX,-0.01765170074395843
ALE,-0.03184904114661351
ALEX,-0.05825996367755283
ALG,0.011140843309170301
ALGN,-0.07777004596553919
ALGT,-0.10850468750354768
ALJJ,-0.2491117954372812
ALK,-0.11442441812294532
ALKS,-0.06730202310468754
ALL,-0.07518408922912087
ALLE,-0.024074396259927144
ALLY,-0.129751836067716
ALNA,0.006608753913874245
ALNY,0.021262739217221917
ALOT,0.11967368533222193
ALPN,0.12010206008512155
ALRM,-0.16547896837002415
ALSN,0.07444737568745831
ALT,-0.23709796030236244
ALTR,0.08644342946315076
ALV,-0.10399006924201278
ALX,0.05877542672162447
AM,0.026989969398262193
AMAT,-0.06209335691605458
AMBC,-0.028571415246066684
AMC,-0.3296748238344377
AMCX,-0.06592707974941013
AMD,0.15928932855751052
AME,0.039668148280098924
AMED,-0.05850428526018785
AMG,-0.03997016881207004
AMGN,-0.00724834856036131
AMH,0.002774242338921801
AMKR,-0.08344027276148047
AMN,-0.0514578898000556
AMNB,0.04195103611211297
AMOT,0.03889034721908774
AMP,0.16850843081609732
AMPE,-0.36625603408153484
AMPH,0.03234945296627829
AMRC,0.20875793502061696
AMRK,0.4553049205154561
AMRS,-0.026932453089152306
AMS,-0.00879012599667304
AMSC,0.45136491588681704
AMSF,-0.010994967563700964
AMSWA,0.09099877510187637
AMT,-0.059871987207802096
AMTX,0.10486983591738766
AMWD,0.059328986943061796
AMZN,-0.016491910715492247
AN,0.23764880631041863
ANAB,0.10699786589935127
ANAT,0.07599579034049503
ANDE,-0.013800269541807342
ANET,0.05444256863919293
ANF,-0.0572414136096421
ANGI,0.3994083176159968
ANGO,0.05033883216944872
ANIK,-0.00318903068128621
ANIP,-0.07822562497397424
ANIX,-0.021783487876722834
ANSS,0.011857055802504115
ANTM,0.15426326368365315
AON,0.07475569423769951
AOS,-0.05763494469176567
AOSL,0.24707864961840326
AP,0.005386195575983337
APA,0.10800707321129911
APAM,0.0620331380389734
APD,0.11485297620384508
APDN,0.0018155581706622915
APEI,0.03452810374200295
APEN,-0.027847963709114035
APH,0.06725324441394928
APLE,-0.09618723468648703
APLS,-0.4467955901547026
APOG,-0.06531443319884124
APPF,-0.06979306724625427
APPN,0.2912829819270481
APPS,1.2414357853295206
APRN,0.27833970319142803
APT,0.16259050941171685
APTS,0.07586797899616929
APTV,0.15423849204481252
APVO,0.008403688063222886
AQB,-0.2873900431157698
AQMS,-0.28679843564462876
AQUA,0.1531749168777338
AR,0.12314936646178123
ARAV,0.36725073464715147
ARAY,0.24249923453369443
ARC,-0.04843817948705112
ARCB,0.24896139192237995
ARCH,0.2769198183002878
ARDX,0.8243137747621951
ARE,0.02883614946680417
ARES,0.010024004987205855
ARGO,0.10942598828937078
ARI,0.009753682006564839
ARKR,-0.1699169912092945
ARL,0.18652123769712095
ARMK,-0.055326117782858175
ARNA,0.05504538672217233
AROC,-0.01226403153815973
AROW,-0.09282946366018403
ARR,0.03666292894572918
ARTNA,0.01018661228256721
ARTW,-0.04341961075566521
ARW,-0.05239026301028011
ARWR,-0.16674180859357682
ASB,0.034697408388184546
ASGN,0.026845276622698016
ASH,-0.04804980821863818
ASIX,0.16210849096207294
ASMB,0.7539116351690033
ASPN,0.2894693621989867
ASPS,0.1972181332201659
ASRT,0.12961012326358573
ASRV,-0.038953399816478704
ASTC,0.10032096367186369
ASTE,-0.12025568773548902
ASUR,0.05029203233659259
ASYS,0.1638717254728869
ATEC,-0.16119423247582784
ATEN,0.31276922970664534
ATGE,0.09508817605820158
ATH,0.1422451609996329
ATHX,-0.25164242405606907
ATI,-0.059416478994624544
ATKR,0.023622854517246137
ATLC,0.2067751903121952
ATLO,-0.04952565040891255
ATNI,0.012383629619070512
ATNM,0.25563960526892043
ATNX,0.06938620365409925
ATO,-0.028845132632473847
ATOS,-0.24887963959064455
ATR,-0.020151554562328075
ATRA,0.030225660110701234
ATRC,0.04288095909575205
ATRI,-0.02477913961893441
ATRO,-0.11203453077145784
ATRS,-0.10781142409199608
ATSG,-0.059170763351880575
ATUS,-0.17997234137027307
ATVI,-0.1687870586528903
AUBN,0.039845331621977474
AUMN,-0.16928619663083683
AUTO,-0.1615829405985262
AVA,-0.02154726276883255
AVAV,-0.09098960875690425
AVB,-0.042883528113162046
AVD,0.015281801279413991
AVEO,0.3918939415379909
AVGO,0.0916104095498837
AVGR,-0.004333894015440445
AVID,0.00910399388206284
AVNS,-0.014205727936219659
AVNW,-0.5498193008062634
AVT,-0.08022137263462814
AVXL,0.10117138830222334
AVY,0.004289801073859338
AVYA,-0.3085935093930192
AWI,-0.03742084620169744
AWK,-0.05726049569096062
AWR,-0.016716187632262108
AWRE,-0.15240262177987485
AX,-0.04712254612743687
AXAS,0.07317749128795002
AXDX,-0.05063050818810475
AXGN,0.058600984325333845
AXL,0.2225732504401076
AXON,0.09968500093209107
AXP,-0.019371527816969956
AXR,0.0832828057131974
AXS,0.07129487237725851
AXSM,0.752852459412675
AXTA,-0.06761667326651279
AXTI,-0.023184855103741495
AYI,0.09721608086779276
AYX,-0.30727943245133715
AZO,0.14166598245447085
AZPN,0.06336406566213466
AZZ,-0.08512103594610992
B,-0.029372356795816023
BA,0.14801166246239084
BAC,0.12807610235438188
BAH,0.15064565929772036
BANC,0.000730544461924397
BAND,0.295024170313385
BANF,0.023233845601412152
BANR,0.036884648330570084
BATRA,0.05459322080085382
BATRK,0.05994181599863987
BAX,-0.007204935434853796
BBBY,-0.1641349910810153
BBCP,0.050306698864695194
BBGI,-0.053223130669783576
BBSI,-0.08586312140614197
BBW,-0.07457178918801945
BBY,0.17574622535882023
BC,-0.05247694477681533
BCBP,-0.1629424893347167
BCC,0.02236712043094761
BCEI,0.029962121538003757
BCLI,-0.9691985310955624
BCO,-0.042122530525884175
BCOR,0.1758202231344695
BCOV,-0.2054552766001859
BCPC,0.11453544680504084
BCRX,-0.12407203319438326
BDC,0.031299939600455226
BDL,0.2505914504386064
BDN,-0.08706903106318357
BDSI,0.02180376108717076
BDX,-0.06291592205199478
BECN,-0.06914375877348074
BELFA,-0.0038764759321084008
BELFB,-0.072901120036234
BEN,0.012890335540349082
BERY,-0.0028190682013658863
BFAM,-0.061641769716207086
BFIN,-0.013809795408838844
BFS,-0.03225726586025385
BG,0.13097694653503109
BGCP,0.012954532208204
BGFV,0.13616313407079478
BGS,-0.044207046292384235
BGSF,0.14777318145911408
BH,-0.008734242568188595
BHB,-0.04136024739071355
BHE,-0.12468226273060821
BHF,-0.1472523684422817
BHLB,-0.04030347832095731
BHR,-0.08949980412341468
BHVN,0.06722292876776177
BIG,0.10312204147179972
BIIB,0.00165504483220966
BIO,0.06656365038595594
BIOC,0.28687735542202386
BIOL,-0.26464539826312244
BJRI,0.0036684415569893758
BK,0.07498168197551759
BKD,-0.12612296070713508
BKE,-0.006841543734318766
BKH,-0.06516646701483997
BKI,-0.01578868117842484
BKNG,-0.006487086338524122
BKSC,-0.05770022245994384
BKTI,0.022336071610807688
BKU,-0.05275300078667572
BL,0.07644188558468737
BLBD,-0.01822253185630655
BLCM,0.3035004967609513
BLD,0.22584258098431018
BLDR,0.159964686790532
BLFS,0.040316302460244695
BLK,0.1203624424890177
BLKB,-0.0072013456025429076
BLL,-0.026601446173891444
BLMN,-0.20262017236637409
BLUE,-0.2276663536295347
BMI,0.0271669559610074
BMRC,0.09502897923560695
BMRN,0.2428089198020018
BMTC,0.03110902800417109
BMY,-0.024948968757269818
BNED,-0.025713167392014295
BNFT,-0.03379129681198349
BOCH,0.01595871664467576
BOH,-0.15209344878693914
BOKF,0.006365179744927311
BOMN,-0.06262475887819172
BOOM,-0.18235504567220165
BOOT,0.1718133137815671
BOTJ,0.012357488624717042
BOX,-0.03629920645089168
BPMC,0.15584972180823214
BPOP,-0.070226020945393
BPRN,-0.06075642887201012
BPTH,-0.1721514379089202
BR,0.07374303572074985
BRC,0.035953085921282026
BRG,0.01809453010511458
BRID,0.07600172870591083
BRKL,0.041325837544162226
BRKR,-0.0947380314348417
BRKS,0.2751352929642399
BRN,0.0012400158746893805
BRO,0.02469719854717263
BRT,-0.09368138554551378
BRX,-0.1460442996505124
BSET,-0.42378303978246373
BSGM,-0.48161015022085635
BSQR,0.5896706323748785
BSRR,0.004795948502348929
BSX,-0.06402001056335631
BTN,-0.2659947645162749
BTU,0.0033518682679237063
BURL,-0.08773268798235405
BUSE,0.0031710265251378724
BW,-0.11545886434090588
BWA,-0.02106987905260621
BWEN,-0.06708645099695665
BWFG,-0.007966718613765647
BWXT,-0.05588126627852889
BXC,-0.18078903093204496
BXMT,-0.10707395849634399
BXP,-0.008057847163489593
BXS,-0.0660272092248532
BY,-0.059068281022189195
BYD,-0.06490658165202731
BYFC,-0.07611992578202124
BZH,-0.15619953015546612
C,-0.007501165088396742
CABO,-0.18853981015067334
CAC,-0.04303285191835612
CACC,-0.10648795150796354
CACI,0.08376199165643756
CADE,-0.08659456087050012
CAG,-0.023926337921253038
CAH,-0.02796290011356867
CAI,0.017245786255869706
CAKE,-0.1659621252702728
CAL,-0.03848087767303035
CALA,0.3049211029644616
CALM,0.037021074208378545
CALX,0.11380238274113616
CAMP,0.029989625611086906
CAPR,0.10594152506469287
CAR,0.7267827251497784
CARA,0.29946348149990437
CARG,0.11684894675281894
CARS,0.05496931969640225
CASA,-0.1451352531697253
CASH,-0.041983864932806196
CASI,-0.2532190681663252
CASS,-0.004411305047643429
CASY,0.055373143292901786
CAT,-0.03637999222990437
CATB,1.0779124302505738
CATC,-0.0001130453679149296
CATO,-0.0763639203232411
CATY,-0.035758149945312935
CB,-0.047822627065614534
CBAN,0.01811053999501535
CBAY,0.4996275750691418
CBB,-0.06984380299352204
CBFV,-0.03409039792893934
CBIO,0.010528454611569062
CBOE,-0.028087147637293957
CBRE,0.031021015425456846
CBRL,-0.03672843584418378
CBSH,-0.0747022994593974
CBT,0.01218799010415611
CBTX,-0.049683280619321035
CBU,-0.04793282983389518
CBZ,0.04525818155439725
CC,-0.0018925190153937217
CCBG,-0.024167388847981513
CCF,-0.08666369312684581
CCI,-0.07953967418877121
CCK,0.010724535358172606
CCL,-0.1234251885236092
CCMP,0.12111094495568733
CCNE,0.017567051882226598
CCO,0.071685078967356
CCOI,-0.025182186934347303
CCRN,0.05986871906511077
CCS,0.05463883339627761
CCXI,1.5314572389805101
CDE,-0.1367388927508192
CDEV,0.4707164632112478
CDK,0.07626768564817998
CDMO,0.3646936217381704
CDNA,-0.25082304958678653
CDNS,0.11681922274385297
CDR,0.2137582216039298
CDTX,0.17054872720565997
CDW,-0.0674398345741811
CDXC,-0.22991755328874802
CDXS,0.08891514050222242
CDZI,-0.30103960134235586
CE,0.0810648824314558
CECE,-0.048843228554722375
CEI,4.627011577407862
CEIX,0.14080955956722177
CELC,-0.21634922714786262
CELH,-0.341773754435848
CEMI,0.4992641413101338
CENT,0.12862676902179707
CENTA,0.13895678944335194
CENX,0.0005705769839578162
CERN,-0.01040716726570959
CERS,0.07174560159062586
CETX,-0.14470387771525783
CEVA,0.1356097698691325
CF,0.018432629182322798
CFBK,-0.04169898929243717
CFFI,-0.07432533097418562
CFFN,-0.012693523275319706
CFG,-0.04043683849871475
CFMS,0.0075194630751235355
CFR,0.03182227438118104
CFX,0.03552740369828149
CGNX,0.00331196310313216
CHCI,-0.16999474778126372
CHCO,-0.04293216234242354
CHCT,0.020197941299211715
CHD,0.08392090116555324
CHDN,0.05384710059418434
CHE,0.05304164158498929
CHEF,-0.08403884952466045
CHGG,-0.1316906474647652
CHH,0.09417224947939579
CHMA,0.09456523362362783
CHMG,-0.0665438652166677
CHMI,0.12620513085060145
CHRS,0.07494808805143288
CHRW,-0.01876709747578021
CHS,-0.026080275987614542
CHTR,-0.0910686835004124
CHUY,-0.09177327316507287
CI,-0.027216167182849617
CIA,0.03264422105209131
CIDM,-0.398909905902162
CIEN,-0.015114659448760797
CIM,0.05515436944442054
CINF,-0.0861526607546375
CIO,-0.05139640228490187
CIR,-0.17672073299875826
CIT,-0.13006226855416536
CIVB,-0.09335172653385317
CIX,0.020082692002131548
CIZN,-0.00602398683573357
CKX,0.08499050209424623
CL,0.04109834764385435
CLAR,-0.01759811113665944
CLB,0.03623885899764873
CLBS,-0.5664046614183158
CLDR,-0.11379863235436989
CLDT,-0.05187756906327073
CLDX,0.05535167229022259
CLF,-0.24335867351972845
CLFD,0.36954437470839274
CLH,0.00494617130955622
CLI,0.04135172473917558
CLIR,-0.6531382124686408
CLNE,0.8244478150554457
CLPR,0.050874468986624836
CLR,0.17602953435470572
CLRB,0.3613441445794027
CLRO,-0.4476384767741
CLSN,0.24825593403345061
CLVS,0.27201437211744
CLW,-0.03700158992249954
CLX,0.09761402060793956
CLXT,0.2846785986455024
CMA,0.10710360278448551
CMC,0.022656521355323415
CMCO,-0.0422113611782967
CMCSA,-0.06978669082761835
CMCT,-0.08868364339360392
CME,-0.009226240585199849
CMG,0.028827684143150022
CMI,0.038094372516317025
CMO,0.018925946168325488
CMP,-0.09307177594627157
CMRX,-0.2054582563939918
CMS,-0.09416733131592071
CMT,-0.043484634122731736
CMTL,-0.10006964972326746
CNA,-0.11508483866420319
CNBKA,-0.0532799508309635
CNC,0.0011456705408524565
CNCE,0.3836979318044301
CNDT,0.11070072776984075
CNFR,-0.03960541668592725
CNK,-0.16235655053936301
CNMD,0.0744403202580214
CNNE,0.08292897647623715
CNO,-0.01242669832805957
CNOB,0.07910034255518791
CNP,-0.035506264909141896
CNS,0.020183357428860804
CNSL,-0.12622382110061026
CNTY,-0.0745926921354601
CNX,0.21985116894887252
CNXN,0.08731825668552627
CODA,-0.07473868050470903
COF,-0.14915823540854503
COG,0.015643846129979676
COHN,-0.31800274841622567
COHR,-0.0644600807314427
COHU,0.10519187618842393
COKE,-0.020375795763568384
COLB,-0.16778426489063142
COLD,-0.12679868848760187
COLL,0.013549832469900889
COLM,-0.04741778957963644
COMM,-0.039429780702485755
CONE,0.0019735024645241715
CONN,0.059399396844832086
COO,-0.10211976040932401
COOP,0.11850303809628958
COP,0.13370954100110052
COR,-0.04397029676325807
CORE,-0.1494905473261636
CORR,0.8761362253616511
CORT,-0.3065471175124972
COST,0.039032251767437055
COTY,-0.2330940435105133
COUP,0.2098804968060463
COWN,-0.0029066230440135186
CPB,-0.024739748687068828
CPE,0.6501381839877072
CPF,-0.0005810908144380909
CPHC,-0.013658489721206405
CPIX,-0.10356546099483555
CPK,-0.037971754829066146
CPRI,-0.04591094818326722
CPRT,0.039918843172910716
CPRX,0.0186880608810729
CPS,0.052197785168152475
CPSH,6.198566260507282
CPSI,0.000628644514522735
CPSS,0.10380768561089851
CPT,0.03925505556561919
CR,0.06586867492269824
CRAI,0.1328693844433261
CRBP,-1.6922664187680727
CREE,0.3038171472460194
CRI,-0.08346961881479117
CRIS,-0.22528415942617622
CRK,-0.06281165274102408
CRL,0.056296628679948606
CRM,0.20966209316755502
CRMD,-0.06227899718647388
CRMT,-0.05231979293258271
CROX,0.1860285127768615
CRS,-0.10805125796737634
CRUS,0.02443641695582574
CRVL,0.019626115274425957
CRVS,0.4425377942591866
CRWS,0.007076981909513468
CRY,0.014205167723027308
CSCO,-0.03897574946780015
CSGP,0.06202650143549825
CSGS,-0.06523534839776972
CSII,0.03176801347400881
CSL,0.0500694585890807
CSLT,-0.00378519339058256
CSOD,0.006513587733682961
CSPI,0.009335862295215484
CSTR,0.017140037033698863
CSU,-0.08482818711357003
CSV,0.22937170542329224
CSWI,0.09793736061218795
CSX,0.04927598715149925
CTAS,0.017819915599018684
CTB,0.058249813765106614
CTBI,0.007526957924564854
CTG,-0.18263388838774766
CTHR,-0.047139791469274606
CTIB,-0.23810274600473927
CTIC,-0.17824144312549187
CTLT,0.05841745227838959
CTMX,0.0318826582618554
CTO,-0.09352654279476244
CTRE,-0.022974729355434598
CTRN,-0.19923183707347827
CTS,-0.05122585855858853
CTSH,-0.00517670537990411
CTSO,-0.30128423303220453
CTT,-0.1744264793701401
CTXS,0.0867831923126376
CUBE,0.05977364176110473
CUBI,0.13394926476581723
CUE,-0.30377682158987535
CULP,0.026102912348175654
CURO,-0.01814498965921055
CUTR,-0.11528120897436164
CUZ,-0.0756648930491874
CVA,-0.09001892409536448
CVBF,-0.03973517008820679
CVCO,-0.12748465702298176
CVCY,-0.05629002038733755
CVGI,-0.04349682451551647
CVGW,-0.032981133149001494
CVI,0.018753851257447426
CVLT,-0.0314767527099341
CVLY,0.01690899435601104
CVM,-0.44769218490913104
CVNA,-0.26378794006908945
CVR,0.004942724402841814
CVS,0.054590892762807
CVU,-0.06996347084551915
CVV,0.03669856385573107
CVX,0.07872257643858416
CW,0.014278841417578588
CWBC,-0.06608494719965746
CWBR,0.06054208141715864
CWEN,0.18321750663759553
CWH,0.0943212257781811
CWST,0.0740425584409281
CWT,-0.07219929168194901
CXP,-0.00987323206312481
CXW,-0.07973035594576577
CYAN,0.008293889180399607
CYBE,0.05739904388400791
CYCC,-0.1661668412836493
CYH,-0.09739275482551912
CYRX,0.25259491617564805
CYTK,-0.004821024608905618
CYTR,3.153768671185007
CZNC,-0.021812552421522906
CZR,-0.017094173864693814
CZWI,-0.037060352129836945
D,-0.0922918821922365
DAIO,-0.14377282563653201
DAKT,-0.11704728314064557
DAL,0.03387036909515928
DAN,-0.05302036653177146
DAR,0.11623866127758875
DARE,0.01863588405207929
DBD,-0.2597005582860802
DBI,0.07996355296341247
DCI,-0.005713966011091439
DCO,-0.1471588137809932
DCOM,0.02857789984180303
DCPH,-0.018017691349804885
DD,-0.02633437383727188
DDD,-0.1565610789503371
DDS,0.06929492317106767
DE,0.007416630648244697
DEA,0.05886412702575799
DECK,-0.08153971480949342
DEI,-0.10792710270560321
DELL,0.07785147504241807
DENN,-0.19730358283367996
DFIN,0.050159810040250365
DFS,-0.14660896472415388
DG,0.030293870166036917
DGICA,-0.03770005487781316
DGII,0.1039481210091477
DGLY,0.31356371279525785
DGX,-0.021155202314600937
DHI,0.10867182929084014
DHIL,0.09814192395453847
DHR,0.02416460866044384
DHX,0.008700996806392365
DIN,-0.018951566540381676
DIOD,0.09222359901116545
DIS,-0.13953090052356104
DISCA,-0.376676741511365
DISCK,-0.5154896547977865
DISH,-0.06702613001510614
DIT,-0.11172085168127643
DJCO,0.056238871832620864
DK,0.0005720099658544307
DKS,0.08133143667189084
DLA,-0.18771550165429068
DLB,-0.1080854176732392
DLHC,0.14520384755615945
DLR,-0.011556893471172678
DLTH,-0.06315285988943813
DLTR,-0.016574804175462185
DLX,-0.14389600478240347
DMRC,0.18885553388016627
DNLI,-0.06519817868076654
DNOW,0.0805262494923396
DOC,-0.023607781776005518
DOOR,0.018634958908900857
DORM,-0.021828884520519867
DOV,0.03297974162070754
DPZ,-0.008761047553575957
DRE,0.03891562175083784
DRH,-0.07383867802851973
DRI,-0.1169450592581938
DRNA,0.30338617708385784
DRQ,-0.0454334094272925
DRRX,0.07259863389103353
DS,0.09130012340679447
DSKE,-0.14791427954705325
DSPG,-0.10159196534729495
DSS,0.8807066833233308
DTE,-0.0814135514052325
DUK,-0.062144074614488475
DVA,-0.13174877729042692
DVAX,0.08856838915356377
DVD,-0.12737564356190084
DVN,0.1583798362996178
DWSN,0.1693442640296636
DX,-0.050129154398094344
DXC,0.1747033556879925
DXCM,0.14620540237374377
DXLG,0.2731401688093277
DXPE,-0.00031187708009626774
DXYN,-0.011636466552694137
DY,-0.03272951909660683
DZSI,-0.21199606257033446
EA,-0.10015298194978782
EARN,0.11031270617985776
EAT,-0.24724937247575518
EBAY,0.13954031441551726
EBF,-0.07644113872287267
EBIX,-0.08219133474390651
EBMT,-0.015536250956858594
EBS,-0.2973932701196607
EBSB,0.02796212862827224
EBTC,0.10051428024019465
ECHO,0.3249072538734874
ECL,-0.022590828530284945
ECOL,0.08536129300120748
ECOM,-0.009991254995618325
ECPG,-0.04566212177455338
ED,-0.03536098588799884
EDIT,-0.5425655955963725
EDUC,-0.035904639138688924
EEFT,-0.12116186667004851
EEX,-0.177866319373612
EFC,-0.09039739583483924
EFOI,-0.010993465936369207
EFSC,-0.017353600670699826
EFX,0.07978245433686097
EGAN,-0.2328983394874839
EGBN,-0.00014809489861821566
EGHT,-0.2182915611062481
EGLE,0.021694030319209166
EGP,0.01947261603128821
EGRX,-0.09637755947355242
EGY,0.019671539859552178
EHC,-0.06100549289094234
EHTH,0.05030871504360556
EIG,0.0018184862714596573
EIGR,0.0298573642595622
EIX,0.06484529625377188
EKSO,-0.3343356370758315
EL,0.008255784122280951
ELF,-0.003533976568386017
ELMD,-0.1428805647514491
ELOX,-0.14398970469590255
ELS,-0.004656309148734447
ELSE,-0.10438919984379343
ELVT,-0.19408004856261907
ELY,-0.19408778561388337
EMAN,-0.35496308940485316
EMCF,-0.031011597854775818
EME,0.04461002703560964
EMKR,0.0268927968110978
EML,-0.2041648955161947
EMMS,0.03454095375281504
EMN,-0.08264721499572458
EMR,0.007917081995343302
ENDP,-0.01951500275714878
ENG,-2.5883286625258157
ENPH,0.7719204818637236
ENR,0.08862209492041777
ENS,-0.08065831004837959
ENSG,-0.10340240815326178
ENSV,0.33392937534022005
ENTA,0.1783029679329219
ENTG,0.26322718567577774
ENV,0.03833197138066204
ENVA,-0.1100376847545241
ENZ,-0.07231970252964787
EOG,0.21010687123186123
EPAM,0.053077888391528626
EPAY,0.15236500394443525
EPC,0.004952467044214411
EPM,0.22208372769009807
EPR,-0.0015329493386289424
EPZM,0.7695825558021041
EQBK,0.07699534733187656
EQC,0.019380166256799322
EQIX,-0.09926266818425811
EQR,-0.0020751434632309243
EQT,0.031357552170217344
ERIE,0.1278340784301463
ERII,-0.10615428774106535
ES,-0.09487100504664091
ESBK,0.3427481637562651
ESCA,-0.20429904443641891
ESE,0.09008462181853938
ESGR,-0.027364691037735533
ESNT,-0.12558257642527784
ESP,-0.0027287241083306622
ESPR,-0.09670624160074182
ESRT,-0.2778382052805738
ESS,0.027024494138272247
ESSA,-0.15824484324467808
ESTE,0.2128662398754638
ESXB,-0.051144342279103486
ETN,0.09871780297340105
ETR,-0.14744681595240208
ETSY,0.06065850260446439
EVBG,0.018718726881938787
EVBN,-0.0025559955811332827
EVC,0.17811257217409748
EVFM,0.18525149159643794
EVH,0.05422890077224207
EVI,0.1358139254766608
EVOK,-0.26239571791366434
EVOL,0.1146243280538065
EVR,-0.01003789891652542
EVRG,-0.0860989942160023
EVRI,-0.10120262824328567
EVTC,-0.009672876134730312
EW,-0.01199227232067832
EWBC,0.010249622192920235
EXAS,-0.005836461742000363
EXC,-0.06841723421849549
EXEL,-0.02964638337676762
EXLS,0.06342163017338905
EXP,-0.025106139557866225
EXPD,0.031349699524225796
EXPE,-0.09698593241935483
EXPO,-0.08155719937288038
EXPR,-0.1429436895440723
EXR,0.03588631985151382
EXTN,0.14141975909711504
EXTR,-0.12015575438906508
EYE,-0.036532205772138275
EYEG,0.8623551580675076
EYES,-0.17135454919415646
EYPT,-0.04610020019725104
EZPW,0.10834058477473847
F,0.07226354495752833
FAF,0.0064469744531283815
FANG,0.20879998518451967
FARM,-0.13157246172708834
FARO,0.014931894008530781
FAST,0.1301477063607003
FATE,-0.08492202490795404
FB,0.01721480704646667
FBC,-0.05826204514390994
FBHS,0.08479635756698553
FBIO,-0.09196488738736945
FBIZ,-0.09528571869625059
FBK,-0.03533078755787091
FBMS,-0.01633733914062521
FBNC,-0.03274188251826388
FBP,-0.018891573581519185
FC,-0.018528963295274377
FCAP,-0.15453696510124076
FCBC,0.03152857906592758
FCCO,-0.04282536157552707
FCCY,-0.03286960894430684
FCEL,0.7212039392410347
FCF,0.02943717236088631
FCFS,0.0028416390451872515
FCN,0.02150286121107839
FCNCA,-0.20522070854199082
FCPT,-0.07600656670425394
FCX,-0.0008586994579931374
FDBC,-0.09854681418597369
FDP,-0.06409308157088862
FDS,0.10834513198749726
FDX,-0.08228022140677234
FE,-0.05123239018176173
FEIM,-0.0583725136602639
FELE,0.12323231348804503
FET,0.25702907300120553
FEYE,-0.18304645585191184
FF,-0.16384268790382764
FFBC,-0.017485029615297583
FFIC,0.0009335487150852311
FFIN,-0.020249039941664344
FFIV,-0.1250599174065737
FFNW,-0.02311257537268389
FFWM,-0.04487761017925851
FGBI,0.059281204111935264
FGEN,-0.3532919658911763
FHB,-0.17056974910815226
FHN,-0.09044099352694544
FI,0.020941284498771612
FIBK,-0.13356890803903582
FICO,0.1280349254576402
FIS,0.03533335658605866
FISI,-0.02283189116243401
FISV,-0.09164576539130485
FITB,-0.02725177340269523
FIVE,-0.07523146920787997
FIVN,-0.0812505781737075
FIX,0.17603331807478184
FIZZ,0.10007913796915081
FL,-0.08513009762600768
FLDM,-0.1545038807715682
FLIC,-0.1023254761095587
FLL,-0.033153049542937484
FLMN,0.09877525359667229
FLNT,-0.14006721415699086
FLO,0.07101894142653381
FLOW,0.11064093573040544
FLR,0.2097095614786178
FLS,-0.03485976456158628
FLT,-0.019252275064711197
FLWS,-0.00015687168523953801
FLXN,0.2218960063700498
FLXS,-0.1421800681224312
FMAO,0.09108284970684595
FMBH,0.031491658536049696
FMBI,-0.028876671517534355
FMC,0.07550686337673698
FMNB,-0.015189535916668228
FN,-0.06188989720112733
FNB,-0.10354547337251042
FNCB,0.061190906392468325
FND,0.11165489346623143
FNF,-0.10310012501868919
FNHC,-0.7789765707372374
FNKO,-0.028901486514826363
FNLC,-0.14874711673369484
FNWB,-0.16048542130543922
FOE,0.047878056992909465
FOLD,-0.03112381668022027
FONR,-0.014392412242830076
FOR,-0.04381586839498268
FORD,-0.11037944761203522
FORM,0.07054979682584825
FORR,0.02848027098032398
FOSL,0.17711411602220448
FOXF,0.09084594574684525
FPI,-0.1537072484833116
FR,0.030640843241251523
FRBA,-0.018398002282248156
FRBK,-0.06549956452769617
FRC,0.1784370868337715
FRD,-0.013480248644314565
FRGI,0.10394101818436578
FRME,-0.0244139097745586
FRPH,0.00923513622315477
FRPT,0.19908494404196905
FRT,-0.013548901676034257
FRTA,-0.028791720864832997
FSBW,-0.09702484639658046
FSFG,-0.057583246548665284
FSLR,0.24808438388468282
FSP,-0.14131595676361328
FSS,0.023387049753769176
FSTR,-0.06836564389475776
FTEK,-0.6303976533810444
FTI,0.005178105026818409
FTK,0.11540023469183078
FTNT,0.013870581325892877
FTV,-0.048972409238975084
FUL,0.13987083385602098
FULT,-0.0816316804358036
FUNC,-0.031099761968655378
FUSB,-0.11550511843699521
FVE,-0.27333907405794894
FWONA,-0.011608603862967592
FWONK,0.013723355111538726
FWRD,0.08527042645488198
G,-0.021458825306989955
GABC,-0.0743391496078263
GAIA,0.14936427572157449
GALT,-0.17031051615924958
GATX,0.0485649137164689
GBCI,-0.1384769435648924
GBL,0.01794868052043058
GBLI,0.05438608864728632
GBT,0.01995556528222661
GBX,0.06517855805727142
GCBC,0.02235461234820953
GCI,-0.02928208307058451
GCO,-0.0566174877025321
GCP,0.06823440538810922
GD,-0.0293200672660204
GDDY,-0.012935374323549723
GDEN,0.0904839743952047
GDOT,-0.0072096063755094945
GDP,-0.0036529403416597083
GE,-0.05929721508050424
GEF,0.0027178343585620383
GENC,0.0013494010920716945
GEO,-0.23345744353188683
GEOS,-0.06480168219172218
GERN,0.03057903583658455
GES,-0.22387272684209933
GEVO,-0.1945747618145424
GFED,0.007816642361047274
GFF,0.003790275647760695
GGG,0.043820833985558104
GHC,-0.08055457109123437
GHL,0.09479485223023902
GHM,0.13368962817776872
GIFI,-0.06663724797115118
GIII,0.03320447986770747
GILD,-0.045726047778221826
GIS,0.009158478623669105
GKOS,-0.22746498112709837
GLBZ,-0.08853617954039722
GLDD,-0.0981779808280799
GLPI,-0.07384352277879924
GLRE,-0.06314666226100685
GLT,-0.027568836572623528
GLW,-0.1423936654529188
GLYC,-0.223292831839293
GM,-0.1825213297653243
GME,4.787612675952869
GMED,0.02393352561916151
GMRE,-0.010327798739281451
GMS,-0.02957130190134323
GNCA,0.06717180731751857
GNE,-0.12496313900486151
GNK,-0.09127804995761986
GNL,-0.08992300549062233
GNRC,0.07773791470776063
GNTX,0.08639705651383907
GNTY,0.10156472958601843
GNW,0.30070579164142686
GOGO,0.241039030671088
GOLF,0.10830001074509622
GOOD,-0.0679561689624485
GOOG,0.10228777677343613
GOOGL,0.10286026992605744
GORO,0.09422695957116657
GPC,0.06372955284338135
GPI,0.1879870530655098
GPK,0.049812061444454055
GPMT,0.04060200389340798
GPN,0.03884453551520481
GPRE,0.1313316946301997
GPRO,-0.12353542736027259
GPS,-0.18324122972743978
GPX,-0.07903363087300758
GRA,0.04164719354199679
GRBK,0.05534710267842235
GRC,-0.0265210023140492
GRMN,-0.0896084595496933
GROW,-0.12093629774059085
GRPN,-0.2454703223467016
GS,-0.0042410466415953255
GSAT,-0.4383162619935472
GSBC,-0.0005974531501930873
GSIT,0.03125134124886596
GT,0.24239054088131837
GTES,0.033809040132064996
GTHX,-0.009299028082062283
GTIM,-0.011631933159918742
GTLS,-0.08896842089617142
GTN,-0.1349213690150361
GTS,-0.13930774243642888
GTY,0.008201796298548428
GTYH,0.09400853837598745
GVA,-0.06460634876488529
GVP,0.3106816856458911
GWB,0.059590260875027626
GWGH,-0.027401172186243564
GWRE,-0.03856397382141997
GWRS,-0.014414140541393516
GWW,0.08389656187018472
H,-0.09805895179329006
HA,-0.2475514028990789
HAE,0.16726554497192175
HAFC,0.12021023967296915
HAIN,0.06599042010963543
HAL,0.11696794988349883
HALL,0.18564732188464558
HALO,-0.1322596285083784
HAS,-0.03630686688346002
HASI,0.10647978064396797
HAYN,-0.07922824026976813
HBAN,-0.05121365812152811
HBB,-0.1458770183582931
HBCP,0.02383939856283477
HBI,-0.02936528018830282
HBIO,-0.09581364390414375
HBMD,-0.038184405948523674
HBNC,0.03213805800564404
HBP,0.05441985434317664
HCA,0.043244396002142055
HCC,-0.08607547577860397
HCCI,-0.05148616975376013
HCHC,0.2727581441203701
HCI,0.22778017945811893
HCKT,-0.05226026926442015
HCSG,-0.01609929778849923
HD,0.07251284739277994
HDSN,-0.0018528449541755988
HE,-0.08486849302506512
HEAR,-0.07316061701502599
HEES,0.07478622809755377
HEI,0.02933301918609554
HELE,0.04885414154344659
HES,-0.046682035331001945
HFBL,-0.07421788468163591
HFC,-0.021428190867448016
HFWA,0.05126400351080985
HGV,-0.027576549051808272
HHC,-0.1079357243568662
HI,0.05137524555577993
HIBB,-0.09018900634966358
HIFS,0.06997129221786241
HIG,-0.04398987150384857
HII,0.01149320652795338
HIL,-0.2794115335858875
HIW,-0.08363562427265608
HL,-0.19733911515351182
HLF,-0.14888874346303255
HLI,0.12955845779274144
HLIT,-0.03287313939686946
HLNE,0.15533976129876642
HLT,-0.043948279615325075
HLX,0.07313606613934492
HMHC,0.04498181560562289
HMN,-0.15783032257508706
HMNF,0.039931841757592956
HMST,0.19361753651141508
HMTV,-0.06837926630512793
HNI,-0.018683064146573086
HNRG,0.38151501137784555
HOFT,-0.1267013025117314
HOG,0.036375456739243826
HOLX,0.03808840523569848
HOMB,-0.03462834420755243
HOME,-0.023024265847578728
HON,-0.04260796404383118
HONE,-0.07894495340948506
HOPE,-0.11018068724533796
HOV,-0.2998701460439662
HP,0.18147637087904953
HPE,0.049527277463665836
HPP,-0.05888280678109432
HPQ,0.008897733353289807
HQY,0.09542388880902544
HR,0.007003204149528538
HRB,-0.018854056051613794
HRC,-0.04004170112050288
HRI,0.3820904005739422
HRL,0.018819316902155617
HROW,-0.11318377018953721
HRTG,0.044234987661872005
HRTX,0.0637449062456793
HSC,0.09989094837413538
HSIC,0.03629067542999168
HSII,-0.04089742627552634
HSKA,-0.11849136632964494
HSON,0.02163521606014809
HST,-0.019279774940325133
HSTM,-0.05005726209099592
HSY,0.053940859510185776
HT,-0.1491829771554052
HTA,-0.054559916730891105
HTBI,0.06753793557423057
HTBK,-0.014210680066672053
HTBX,0.06057288653227918
HTGM,-0.17298192969496995
HTH,-0.01950285148445558
HTLD,0.07951689105975811
HTLF,0.02124108860203729
HUBB,0.039219009521795994
HUBG,0.15443540579330978
HUBS,0.274008273693329
HUM,0.12280563136693838
HUN,-0.004961309854717545
HURC,-0.012486968211581857
HURN,-0.06941920656529485
HUSA,0.08017129065750789
HVT,-0.3468984028908234
HWBK,-0.02127322182657863
HWC,0.045546717535419466
HWKN,0.037775036734281425
HXL,0.019763911527698425
HY,-0.07159947987711235
HZN,-0.04361172487771087
HZNP,0.23379940783251463
HZO,-0.040870462046332115
IAC,0.08918063814804984
IART,-0.19881076175255744
IBCP,0.02018678199188669
IBIO,-0.6059842788688398
IBKR,-0.08071984163365893
IBM,-0.053492335725419254
IBOC,-0.04859741885021048
IBP,0.055946161166709515
IBTX,-0.024192251182065288
ICAD,-0.0435640527261799
ICBK,-0.04036807023991498
ICCC,-0.16921522164565114
ICD,0.6934289639658499
ICE,0.08433015372595037
ICFI,-0.06511542203951928
ICHR,0.027016471600252445
ICPT,-0.7938178374090582
ICUI,-0.04516245341399173
IDA,-0.05866284411886732
IDCC,-0.04090900686281164
IDN,0.23781102147491867
IDRA,0.5674383120758479
IDT,0.30448649474227946
IDXG,-0.05831566117790561
IDXX,0.10622763023403567
IEC,0.0643359712054213
IESC,0.13856017504443982
IEX,0.042154714394265824
IFF,-0.05026288171079189
IHC,0.005888696252998119
III,0.12370120386308915
IIIN,-0.02477066610139607
IIN,0.16214226344344376
IIPR,-0.05028826948099639
IIVI,-0.22547707915514556
IKNX,-0.3136185307869224
ILMN,-0.1471805386738573
ILPT,0.13055941691938122
IMGN,-0.05359816005989194
IMH,0.08725009960557605
IMKTA,0.0602455143655661
IMMR,0.07543852901860139
IMXI,-0.10349472900750474
INBK,-0.016563525371655622
INCY,0.03753780368634113
INDB,-0.03102823237889413
INFI,-0.1269026502290013
INFN,-0.1446315826808563
INFO,0.06966391209961662
INFU,0.08771292920182697
INGN,-0.08622335435885575
INGR,0.010235344657148789
INN,-0.24854541538205888
INO,-0.5726062891595262
INOD,0.15316774476734732
INOV,-0.0717469158398099
INPX,0.11115421666116689
INS,-0.01773721500384248
INSE,0.07115606957878405
INSG,-0.5727986347070982
INSM,0.1230359863387399
INSW,0.006148831468977431
INT,-0.0804433908526321
INTC,-0.014787843007923625
INTG,-0.016759870610151925
INTT,-0.13601987772006024
INTU,0.10269112687508515
INUV,-0.009619197140835813
INVA,-0.00993177159387091
INVE,0.17713311331157086
INVH,-0.004790089824042576
IO,0.25925680960855035
IONS,-0.035671084580487435
IOR,-0.0774952915605683
IOSP,-0.055868447795203655
IOVA,-0.10960918697729924
IP,-0.09291935040374949
IPAR,0.019825849637849995
IPG,-0.04245270959994942
IPGP,-0.1774122773551586
IPI,0.20181482074052673
IPWR,-0.2531534783452317
IQV,0.02119522860678347
IR,0.10110549765335987
IRBT,-0.08154294836019002
IRDM,-0.14592436490854788
IRIX,0.05608901565742246
IRM,-0.07453383194589575
IRMD,-0.05233213105076754
IROQ,0.014292648193062703
IRT,0.06108773513756171
IRTC,0.8613954463291794
IRWD,-0.07966602279134005
ISBC,-0.0011275157837434442
ISDR,-0.059468973354734916
ISIG,-0.12313968580350317
ISR,-1.3521631474786167
ISRG,0.018256436289611724
ISSC,0.03103225466631415
ISTR,-0.10799980553226418
IT,0.13876520484594423
ITCI,0.33130482192637983
ITGR,-0.16849934452862636
ITI,-0.038123221945961044
ITIC,0.03559610719668343
ITRI,-0.1421298302583902
ITT,0.009395429730937321
ITW,0.08514958458349113
IVAC,0.18148120781456611
IVC,-0.07306381790545105
IVR,0.10803795337333441
IVZ,-0.002873078095513892
IZEA,-0.06297307427726172
JACK,-0.11128202316264156
JAGX,0.6789695249746301
JAKK,-0.031339635149875505
JAX,0.04822325624513648
JAZZ,0.02985078132301189
JBGS,0.023279781516090843
JBHT,0.12744209222791245
JBL,0.0492282603758084
JBLU,-0.2117208830700239
JBSS,0.02337183238999108
JBT,-0.03423262234495273
JCI,0.022826164482583136
JCOM,0.006257187244742943
JCS,0.10812477957428934
JCTCF,-0.1349682362165632
JEF,0.13833928936912057
JELD,-0.00013570587373270968
JHG,0.09504110711072851
JILL,-0.009986501330702818
JJSF,-0.08956168462138502
JKHY,-0.005583765238836104
JLL,-0.015862396582426292
JNCE,0.23193325122776623
JNJ,0.016892233497062415
JNPR,0.0228030882785171
JOB,0.30998903718180565
JOE,-0.07756687475107298
JOUT,-0.04191105440492107
JPM,0.058194789363225585
JRVR,-0.011444120732000782
JVA,0.03563867133306411
JWN,0.11132194463597088
JYNT,-0.11107025268439034
K,0.0012035605533381227
KAI,0.0903047312438724
KALA,0.274785720668263
KALU,-0.20986899092313008
KALV,-0.24521814275602571
KAMN,0.08715540710254574
KAR,0.07308558264994644
KBAL,-0.03657032930787105
KBH,0.08291422604601249
KBR,0.03636291726928054
KDMN,0.10578073763415276
KDP,0.10059750392449983
KE,0.10565044639329003
KELYA,-0.07008080579685275
KEQU,0.11772507202225764
KEX,-0.11643144147982938
KEY,0.010235658931045314
KEYS,-0.03326484942301166
KFFB,-0.06741325609527636
KFRC,-0.0010081635223349408
KFY,-0.018597485658370137
KHC,0.1050731837836386
KIDS,-0.04072999957698447
KIM,-0.11537525706317235
KINS,0.02254626986933561
KIRK,0.22945259611654908
KKR,0.24201601143288087
KLAC,0.15953805445548452
KLIC,-0.029603572295763065
KMB,-0.04184606937359265
KMI,0.10746847174665532
KMPH,0.30735374393274717
KMPR,0.051500884295742455
KMT,0.01820180107564535
KMX,0.09224409270327172
KN,-0.04088578882759562
KNSL,0.12958718122225352
KNX,0.09854053040778245
KO,-0.01954839197323143
KODK,-0.18503566364684346
KOP,-0.03004491903074588
KOPN,0.2960006476708203
KOS,0.25362104247611356
KPTI,0.1413423103697166
KR,0.026748731415804736
KRA,-0.06923249658016024
KRC,0.02112414357661172
KREF,0.020163715938712305
KRG,-0.17080511494840356
KRNY,-0.0017039379046507657
KRO,-0.09149380270368589
KRYS,-0.06801043673869764
KSS,0.019551659694936937
KSU,0.12125439799044581
KTCC,-0.11853568890577465
KTOS,-0.13801523098622417
KURA,-0.02379798631427757
KVHI,-0.060995281872435456
KW,-0.0160364740171006
KWR,-0.11418629553017806
L,-0.05484231957218469
LAD,0.15130970236237773
LADR,0.11679370898373641
LAKE,-0.1268347151390596
LAMR,-0.09213713116347261
LANC,-0.07717901587328367
LAND,0.07451686176629939
LARK,-0.0624243277402178
LAUR,0.08636862877633435
LAWS,-0.0050856010562856414
LAZ,-0.01975251280188125
LBAI,-0.014301710042356279
LBC,0.009805074648316614
LBRDA,-0.037682494442574176
LBRDK,-0.02671224387998867
LBRT,0.07122590774928522
LBTYA,-0.03494892247144658
LBTYK,-0.03406852322537259
LC,0.43054415849290406
LCI,0.07283931594373544
LCII,0.1034410102461581
LCNB,-0.10817958771744743
LCUT,0.1659094798570061
LDL,0.0925313059669413
LDOS,0.08338974328182973
LE,0.06369718137489358
LEA,0.020461901634867243
LECO,0.1352971115264098
LEE,-0.02889783606077051
LEG,-0.05192065904207956
LEN,0.16395658429538
LEU,0.7837291018143769
LFUS,-0.022907897626391404
LFVN,0.007210627371003437
LGIH,0.09790526707429312
LGL,-0.051914120061005965
LGND,0.07404293026232925
LH,0.052537209612970114
LHCG,-0.16697196475758405
LIFE,-0.034808387066827165
LII,-0.03938372112940684
LILA,-0.10359463459485475
LILAK,-0.14642811867449984
LIN,0.04508184917964627
LINC,0.4409380637472286
LIND,-0.1702121611775858
LIQT,0.11430487328669646
LITE,-0.13197201044428924
LIVE,-0.4635627043668292
LIVN,0.1062086092187864
LIVX,-0.06660840099983747
LJPC,0.19470031779855307
LKFN,0.006797032295243439
LKQ,0.05776319827640973
LL,0.003785984626880437
LLNW,0.3861725634752661
LLY,0.0048103335046497655
LMAT,-0.01644955907216185
LMFA,0.22907308895905013
LMNR,0.10641514177172336
LMT,0.032613526474302774
LNC,-0.05586090639885793
LNDC,0.032557268125156615
LNG,0.018939860338852057
LNN,-0.06916408998131565
LNT,-0.08226816635739764
LNTH,-0.1110771864192718
LOAN,0.006862652467266597
LOB,0.4162943665484351
LOCO,-0.18430701215340028
LODE,-0.16290910195252437
LOOP,-0.07021500633794009
LOPE,0.06774968759927408
LORL,0.14979778746874636
LOW,0.13424360615494899
LPCN,0.014446747136140433
LPG,-0.22994280430511035
LPI,0.046765647316382705
LPLA,0.0380425542029326
LPSN,-0.04867759074299902
LPTH,-0.1006413678040703
LPX,-0.01122255825174657
LQDT,-0.21680639727169793
LRCX,-0.0602729775368278
LRN,0.163447268156831
LSBK,0.0176697467468528
LSCC,0.1376554610398292
LSI,0.05629486520615187
LSTR,0.0864646431424471
LSXMA,-0.1269399882357806
LSXMK,-0.12536798784347758
LTBR,0.3767431676133713
LTC,0.02419743989121221
LTRPA,-0.335608136996223
LTRX,0.1196260739239455
LUB,0.11182473433398674
LULU,0.23404490179588933
LUNA,-0.058352962846421
LUV,-0.03886554584523412
LVS,0.01375959760822604
LW,0.004649834700580897
LWAY,0.1303030242689749
LXP,0.007956158114224577
LXRX,0.1445827471285248
LXU,0.3050123394852989
LYB,-0.08090665895421789
LYTS,-0.13706643346719857
LYV,-0.11219528577237566
LZB,-0.047179608226671665
M,0.11429355660441401
MA,0.10745238135974458
MAA,0.046712313080995826
MAC,0.1116639178092927
MACK,-0.2680413021623292
MAN,-0.09748580916422776
MANH,0.05256877105117071
MANT,0.09382247199095867
MAR,-0.09615521691394678
MARA,0.30973782686282847
MARK,0.18532047965720289
MAS,0.20242870348202718
MASI,-0.006359828159911239
MAT,0.040288612704252165
MATW,-0.04016077752908497
MATX,0.1114510624254769
MAYS,0.06991292755137389
MBCN,-0.0010008236147071162
MBI,0.3507119465232736
MBII,0.05687214661937426
MBIN,0.09233781510723181
MBIO,0.0876135199844733
MBOT,0.008324092337958293
MBUU,0.0004879721060446654
MBWM,0.05336725034543512
MC,0.02920613024518854
MCB,0.09404691615187119
MCBC,0.036521339890158024
MCD,-0.002140299953692197
MCF,-0.01693318177945209
MCFT,0.06614713557468879
MCHP,0.05625274319028306
MCHX,0.05702159428349501
MCK,0.024133739259884362
MCO,0.0339051294517452
MCRB,1.0547894987767623
MCRI,-0.08372747884721517
MCS,0.28069993943446286
MCY,-0.16084793844409676
MD,0.08879528859960055
MDB,0.11135564532065123
MDC,0.07759548663291635
MDGL,0.3337114335457212
MDLZ,0.060225004944248955
MDP,0.24503404564477213
MDRX,-0.14962591729553926
MDT,-0.07372474620652615
MDU,-0.055268111212811985
MED,-0.03642506532388561
MEDP,0.16264145511617534
MEI,-0.09777098459909403
MEIP,-0.2917613781083205
MERC,0.049346154233907306
MET,-0.057763619777166465
MFA,-0.06581433627163066
MFNC,-0.02137732072647483
MG,0.0608226712491202
MGEE,-0.06738641489892098
MGI,-0.10685940389913978
MGLN,-0.09024545971003634
MGM,-0.09065339992465919
MGNX,-0.29716838156851333
MGPI,0.04655102643402673
MGRC,-0.07592007165456066
MGY,0.21507064458922803
MGYR,-0.13227201980165004
MHH,0.283501748980516
MHK,-0.0941251315211157
MHLD,-0.13198498508196352
MHO,0.11737903152892744
MIC,21.955019419232176
MICR,0.16386682889850335
MICT,-0.5719090152996963
MIDD,-0.11090014199962744
MIND,-0.1812768801798224
MITK,-0.05050516996319034
MITT,0.04955850289330962
MKC,-0.03993946482690114
MKL,-0.054406363234023515
MKSI,0.11611892216197871
MKTX,-0.1688262635518967
MLAB,0.07693716463087309
MLHR,-0.13003543855871344
MLI,0.14223235071500795
MLM,0.04370020837151068
MLP,0.01639441424106298
MLR,-0.011738327570176425
MLSS,-0.2809330564681422
MLVF,-0.17577136751186714
MMC,0.09711082330525299
MMI,0.041445695093378476
MMM,0.0010692568465706404
MMS,0.02308553049516958
MMSI,-0.10886813739763285
MN,0.011596458532537171
MNKD,-0.16010969792056876
MNOV,-0.051884905705088746
MNR,-0.009374879453321695
MNRO,0.13273049772916137
MNST,0.023210873253130797
MNTX,-0.02545808391980134
MO,-0.013352584584856778
MOBL,-0.10431338199843804
MOD,-0.05223750910116949
MODN,0.035317577343936174
MOFG,0.023940923286420827
MOH,0.10682611411183285
MORN,0.15961271981133465
MOS,0.14745470932784258
MOSY,-0.015834685123840394
MOV,0.1704467522679849
MPAA,0.06556338367775277
MPB,-0.02619962260646035
MPC,-0.028257998317675122
MPW,0.017890558030104572
MPWR,0.12637408648497991
MPX,0.08549998984000526
MRAM,-0.11065219656689439
MRC,0.009299429529003337
MRCY,0.045612473524674714
MRIN,-0.10450760948766424
MRK,0.02628190707520731
MRKR,0.3035150694902185
MRLN,0.07148200129009165
MRNS,0.48673614610247923
MRO,0.22352907867016134
MRSN,-0.5502482214161972
MRTN,0.10932057564533071
MRTX,0.31115978602720895
MRVL,0.12589197333296884
MS,0.038501775396212766
MSA,-0.013641524553627996
MSBI,-0.07686730431236632
MSCI,0.10116914815475622
MSEX,-0.007388088422500168
MSFT,0.09227424136709506
MSI,-0.005621828684754467
MSM,-0.060085115299004635
MSN,0.08649577270141538
MSON,-0.031788169547730276
MSTR,1.5087127401963885
MTB,0.045231177923264664
MTCH,-0.025146324537747497
MTD,0.004513799735437241
MTDR,0.20677124674988911
MTEM,0.09501551124163464
MTEX,0.3699528968689382
MTG,-0.016336699076057982
MTH,0.1684287260314613
MTN,0.004337406549317712
MTNB,0.4824636191630127
MTOR,0.04213938569837913
MTRN,-0.038966327316033
MTRX,0.06826313071465716
MTSI,0.047615296767308496
MTW,-0.02749554478162014
MTX,-0.07980043734111292
MTZ,-0.11475505748340167
MU,-0.07204938551146015
MUR,0.3334836305518135
MUSA,0.024030311120739428
MUX,-0.16571533262679505
MVBF,0.014978203838869397
MVIS,-1.7902963373850973
MWA,0.06186651587036252
MXL,0.24923348136182755
MYE,-0.08657072212940818
MYGN,-0.02546874718501592
MYRG,-0.053542013776198334
NAII,-0.2349517394952028
NATH,-0.02203920018681806
NATI,0.0016285056028332852
NATR,-0.05884882396924812
NAVB,0.3395218607256143
NAVI,-0.1661455260268075
NBEV,-0.10594301707201385
NBHC,-0.03046576171850917
NBIX,0.07338971183557194
NBN,0.01200829730920512
NBR,0.08589763329594638
NBTB,-0.013041299482929232
NBY,0.27282999906436733
NC,0.17849704708792175
NCBS,-0.17590275056913052
NCLH,-0.1911221306776118
NCMI,-0.08329915566164657
NCR,-0.16155064193120727
NCSM,0.14023589011400062
NDAQ,0.08991448295383116
NDLS,-0.1311052918191595
NDSN,0.07756790359006083
NEE,0.0260460904608641
NEM,-0.15138681252886507
NEO,-0.079886021843064
NEOG,-0.012316043758033753
NEON,0.3965669614648598
NERV,-1.107656338123486
NETE,-0.24639049943128438
NEU,0.00726933746355393
NEWR,-0.0070775563443424
NFBK,-0.08750695806951672
NFG,0.07995905655351494
NFLX,0.047885549034715646
NGS,0.0779159983536654
NGVC,-0.011184456431343906
NGVT,0.13670523078834415
NHC,-0.014821067613582619
NHI,0.032728676192106156
NHTC,0.061388269775461086
NI,0.02413468342294419
NICK,0.027305661273657765
NINE,0.3532432687410805
NJR,0.018581661401296374
NKE,0.04298886101941544
NKSH,-0.057602921453888796
NKTR,0.11769475753309891
NL,-0.058895588883018546
NLS,-0.03172178759970296
NLSN,-0.1616140945340941
NLY,-0.00444006846110532
NMIH,-0.0017942807528323437
NMRK,-0.07282109983633174
NNBR,0.006446907604847895
NNI,0.1327377655105619
NNN,-0.034931587234703826
NNVC,0.04569258946229535
NOC,-0.030365159350748717
NODK,-0.10735055931713727
NOG,0.14411396274729965
NOV,-0.07849399891519872
NOVT,0.030966274130681672
NOW,0.171929929488323
NP,-0.007080000606157997
NPK,-0.04709851140741927
NPO,-0.04918256328494158
NPTN,0.005110313305652616
NR,0.290550824299556
NRC,-0.05922534675493093
NRG,-0.098312328635429
NRIM,-0.09474677118249476
NRZ,0.05523939866049948
NSA,0.06189829637929807
NSC,0.06592341225169869
NSEC,0.08681747971655643
NSIT,-0.09239516970272169
NSP,-0.059837696901090504
NSSC,0.08262596062181952
NSTG,-0.05076414176012699
NTAP,-0.021194074286390755
NTCT,0.027586582879973846
NTGR,-0.05246964409386103
NTIC,-0.13234904844876902
NTIP,-0.11738179382200145
NTLA,-0.06867526320551691
NTNX,-0.17228807788319334
NTRA,0.03197073334413137
NTRS,-0.0123388058213649
NTWK,0.003069063104784204
NUAN,-0.011558725270453258
NUE,0.020789624821168393
NURO,-0.3950892106621076
NUS,-0.12624317036475222
NUVA,-0.005020536653992454
NVAX,-0.6479841125482427
NVDA,0.14962991349374685
NVEC,-0.0016605685867477258
NVEE,-0.10767183830022985
NVFY,-0.008894402712322433
NVIV,0.08402405135148446
NVR,0.007639906355293179
NVRO,-0.19202106748351666
NVTA,0.10912959780053186
NWBI,0.027013556263734556
NWE,-0.07822193821649617
NWFL,0.11583708477212334
NWHM,0.5562710973654205
NWL,-0.06994616299872428
NWLI,0.04666710286468062
NWN,-0.009744548597849336
NWPX,0.051963845612139264
NWS,-0.00272240360609773
NWSA,-0.017750465921783167
NX,-0.16572485736915055
NXGN,0.047966394335882574
NXRT,-0.0391251547030173
NXST,-0.10201576529462153
NXTD,-0.17919927772670294
NYCB,-0.0208447958364737
NYMT,0.05866642052505816
NYT,0.031152455532485645
O,-0.04995949996415574
OAS,0.3194332977351478
OBCI,-0.2129987347701059
OC,0.021563187572520078
OCC,0.24007948637595078
OCFC,-0.0032211065192048294
OCN,0.010270938589685957
OCUL,-0.4927568975002653
OCX,-0.05645593249530713
ODC,-0.014335201823006944
ODFL,0.20457541404061297
ODP,-0.12250387062056238
ODT,0.9078571361951364
OESX,0.5533274319783632
OFC,-0.08809761032654911
OFED,0.05763985261472838
OFG,0.04486922048216609
OFIX,-0.08821490317744604
OFLX,0.39463440952930906
OGE,0.003109354635272998
OGEN,-0.22812190062975085
OGS,-0.01656431393792065
OHI,-0.037598911350480164
OI,0.04973979184992662
OII,0.02610542014880406
OIS,0.03889439883656197
OKE,0.04631160444784587
OKTA,0.1606400905235281
OLED,0.0061862846326074285
OLLI,-0.16407223411001942
OLN,0.16438231580151838
OLP,-0.07590299502896307
OMC,-0.04578444309414816
OMCL,0.05731207397442999
OMER,-0.14668450250899445
OMEX,-0.17594003527972535
OMF,-0.0062367414034151455
OMI,-0.08554045229830529
ON,0.07381890463723725
ONB,-0.050782824520057314
ONCS,0.22846823563827137
ONTX,-0.1492385646199759
ONVO,0.059650488604858165
OOMA,0.09525679562202634
OPGN,-0.3542218287041474
OPI,-0.08315171561656118
OPK,-0.13604399731889272
OPOF,-0.10847952984884043
OPRX,0.3082724229892353
OPTN,0.157163918546117
OPTT,0.11505950972383305
OPY,0.03434313707546979
ORA,-0.16501875132941643
ORBC,0.15647384026658417
ORC,-0.049754706874666536
ORCL,0.10722662606054366
ORGO,-0.20352717332491113
ORI,-0.04990550190869578
ORLY,0.06605944717437807
ORN,-0.11429159372781496
ORRF,0.005066654590088002
OSBC,0.09265447732405815
OSG,0.01663667374070282
OSIS,-0.04953802586703405
OSK,0.05181803327816147
OSPN,0.4353187076531533
OSTK,-0.015633906196990587
OSUR,0.06533057330626146
OTIC,0.7291293059100643
OTTR,-0.0167106761583855
OUT,-0.11099274166467407
OVBC,-0.025869297654201217
OVLY,0.009360541405159123
OXM,-0.0781817927134338
OXY,0.1695104154777342
OZK,-0.013703806855607204
PACB,-0.7857569950748534
PACW,0.036688715993417706
PAG,0.2295241311005146
PAHC,-0.02296410118475017
PANL,-0.1428284994664454
PANW,0.08973140324049338
PAR,0.0859586948726895
PARR,-0.13396159942118
PATI,0.08952638204765162
PATK,0.0025738751077181094
PAYC,0.05127539354824406
PAYX,-0.0033190707129050405
PB,-0.05729470944247887
PBCT,-0.08236189945154747
PBF,0.06440815062336921
PBH,0.03655066343053667
PBHC,-0.016099479240572374
PBI,-0.09851802369062967
PBIP,0.02730276361107733
PBPB,-0.025925205927805353
PBYI,0.2837720383460553
PCAR,0.11584227671136435
PCH,0.056995825792174964
PCRX,-0.07104190637200637
PCSB,0.00478679844266761
PCTI,-0.18821660661620437
PCTY,0.04630797648678776
PCYG,0.012504731237059736
PCYO,0.02906750222757445
PDCE,0.18917541387492515
PDCO,-0.00922184548150197
PDEX,-0.10344648674753136
PDFS,0.028058820351371527
PDLB,-0.01647574070840286
PDM,-0.06155542211714087
PEB,-0.02980912488190849
PEBK,-0.05729494320044317
PEBO,-0.02012659399980168
PED,0.28169651180162397
PEG,-0.03222714802307521
PEGA,-0.04619065008622068
PEI,-0.30350392353699507
PEN,0.18027039802739808
PENN,-0.4542963091781935
PEP,0.016112619890474977
PESI,0.18313514619383597
PETQ,0.010812662491789735
PETS,-0.17540002737006502
PFBC,-0.011968118278816886
PFBI,-0.035243912179098405
PFE,-0.042741681045691475
PFG,-0.0948602911880386
PFGC,-0.15531164219613275
PFIE,-0.06179739880763244
PFIN,-0.00610862046277341
PFIS,-0.010027320828425957
PFMT,-0.21720008730127802
PFPT,-0.016612104667069298
PFS,0.10036917721282113
PFSW,-0.13970063281619002
PG,0.0027923789688071333
PGC,-0.063312220987034
PGR,0.025133233234188448
PGRE,-0.15947342717512056
PGTI,-0.11152785998920195
PH,0.06959392475061124
PHIO,-0.08571486134966838
PHM,0.09889280338224349
PHX,-0.2405711772301546
PI,0.2909095169054518
PII,0.008419600806710231
PINC,-0.039350474638825766
PJT,0.06356129667182919
PK,-0.09354559519615809
PKBK,-0.018728487407695518
PKE,-0.04392300374725551
PKG,-0.03537969281382924
PKI,-0.03862377411385451
PKOH,-0.17101330322644967
PLAB,-0.07959182691311525
PLAY,-0.11501197406693003
PLBC,0.0714373067898378
PLCE,0.04089374992240831
PLD,0.022670359688253826
PLNT,-0.035690179555476244
PLOW,-0.06304336105481863
PLPC,-0.07547999832617214
PLSE,-0.18506464782137724
PLUG,0.13323359552362715
PLUS,-0.010388825707646711
PLXP,0.010096991937906797
PLXS,0.09259679045795738
PLYA,0.17498536075472504
PLYM,0.027329892017606876
PM,-0.0070266063976964915
PMBC,0.07796997428566686
PMD,0.05983031792121483
PMT,-0.042238495165483496
PMTS,0.044570945873014266
PNBK,0.17323064780616507
PNC,0.06480712631988268
PNFP,-0.06772388250285666
PNM,-0.05520603747487988
PNR,0.03895233973757258
PNRG,0.2919538265914465
PNW,-0.030286084124122287
PODD,0.10489497754206421
POOL,0.17450342068864116
POR,-0.07849696950996167
POST,-0.01938519084782569
POWI,0.04010462692038732
POWL,0.1143098899203127
PPBI,-0.09393553383708858
PPC,-0.026048409378252323
PPG,0.0787649143407668
PPIH,0.16028936575146893
PPL,-0.05275908994684622
PPSI,-0.7952985101851661
PRA,-0.15609485790841576
PRAA,-0.014371184304524724
PRFT,0.10016768929893897
PRGO,0.013979377888206062
PRGS,0.048631938604293726
PRI,0.1221814158079262
PRIM,-0.16856988421801355
PRK,0.07080022383381517
PRLB,-0.46882408707443723
PRMW,-0.07399468069008537
PRO,-0.07582136016454726
PROV,0.014456025189014982
PRPH,-1.3952139565075967
PRTA,-0.08009095075564632
PRTK,0.18598566129373795
PRTS,-0.08201855903827161
PRTY,0.09341002138111335
PRU,-0.03149811643421143
PSA,0.00746962144263292
PSB,-0.006419118045344102
PSMT,-0.08497148962342976
PSTG,-0.16767002511612766
PSX,-0.10215084955781976
PTC,-0.06102034642717449
PTCT,0.028790508501460886
PTE,1.0386313046333204
PTEN,0.1829629931806162
PTGX,-0.22206267520211107
PTN,-0.10308977349511833
PTSI,0.21378960905370775
PULM,0.22905176240310493
PUMP,0.15582629950343937
PVAC,0.45712023925748285
PVBC,0.05936923432267481
PVH,0.007259716733312878
PW,0.2298819266444085
PWOD,-0.057032599171925484
PWR,0.18786649296748414
PXD,0.056272608976252435
PXLW,-0.3825824429234589
PYPL,-0.10210302355354764
PZG,-0.04052061826481418
PZN,0.006993740674125984
PZZA,-0.13737413220269573
QADA,-0.0036947976025855627
QADB,-0.09896513187724876
QCOM,0.07000392509210072
QCRH,-0.03824408166689681
QDEL,0.40180305517941817
QLYS,-0.09438868754998386
QNST,-0.2131464520022512
QRHC,0.05280567139359008
QRTEA,0.00010193302651329686
QRVO,-0.06463650842842672
QTRX,0.24320242838860165
QTS,0.007327061875187434
QTWO,0.04967119501841167
QUAD,-0.20639326479695366
QUIK,-0.017836876145336463
QUMU,-0.7199204615981666
QUOT,0.14240633223111043
R,0.06527240334799164
RAD,-0.1605478298717269
RAIL,0.004541676544584031
RAMP,-0.16332872170458684
RARE,-0.004090666199580448
RAVE,0.15564311297012243
RAVN,0.02865447588662295
RBB,-0.008068561654842071
RBBN,-0.07984041458847532
RBC,0.10899278848550062
RBCAA,-0.054756034371607906
RBCN,0.08571096410472277
RBNC,0.046315805938608116
RC,-0.09288746421590373
RCII,-0.09320899209284615
RCKT,-0.14078992220403208
RCKY,-0.028420777159862617
RCL,-0.05435572165659603
RCM,0.1710258299083751
RCMT,0.04096197126760524
RDFN,-0.33600618074945754
RDI,-0.11152200927387224
RDN,-0.09929077951961092
RDNT,0.03205769644149999
RDUS,-0.054158502669268596
RE,-0.08241244111555583
REED,-0.2957865523326204
REFR,0.3565875655051084
REG,-0.032604594003065486
REGI,0.327725412988857
REGN,0.010321753950866536
REI,0.09971114753516037
RELL,0.0904629571519903
RELV,-0.0854948181722971
REPH,1.1759940052850995
RES,0.2129637704872006
RESN,0.32016853056900985
RETA,0.16301179510539482
REV,0.031975141568436435
REVG,0.043030536099908756
REX,-0.169272062244103
REXR,0.013682406848174294
RF,0.007594920432433756
RFIL,-0.03294626627685167
RFP,-0.039366669337027156
RGA,-0.01476882968702673
RGCO,-0.03497929205534926
RGEN,0.11774376405543495
RGLD,-0.06043079227777718
RGLS,-0.12444067845682112
RGNX,0.2966568808323415
RGR,0.10882337329657293
RGS,-0.3422470257941063
RH,-0.008308572756844306
RHE,-1.2840856776951017
RHI,0.10546076731694742
RHP,-0.035149238562010854
RIBT,0.40294635303505116
RICK,-0.1251784991842251
RIG,0.20150027278676924
RIGL,-0.20485146832084888
RILY,0.2823027683909829
RIOT,-0.2767248066238801
RJF,0.007077049933823633
RKDA,0.22067525251273826
RL,0.05904649408275941
RLGT,-0.1050844482923592
RLGY,0.042847416678627674
RLI,-0.06325868459092569
RLJ,-0.12278909908740974
RM,-0.033199697847237114
RMAX,0.049452097336247815
RMBS,-0.013613493322827972
RMCF,-0.07485191462418056
RMD,-0.06624003344198161
RMR,0.04052101319072305
RMTI,-0.3883080268518372
RNDB,0.08143290711316771
RNG,-0.11604809181720872
RNR,-0.014116380205166066
RNST,-0.0775108961893314
RNWK,0.10740605519560376
ROCK,-0.12220775759387034
ROG,-0.10039710997312244
ROIC,-0.06947099188082625
ROK,0.0215678235291569
ROKU,-0.0061862639857952605
ROL,-0.030081715142685463
ROLL,0.005185594588706434
ROP,0.05825936237736749
ROST,-0.08065189784443857
RPAI,-0.0059968866729571135
RPD,0.08659732392865775
RPM,0.2310369698241512
RPT,-0.03710200569854727
RRC,0.1897645973044769
RRD,0.06843531720263486
RRGB,-0.5219370816025833
RRR,-0.014200812704189174
RRTS,0.07852907128053506
RS,-0.06064477505396652
RSG,0.04954478113067246
RUN,0.69209855844542
RUSHA,0.16327766804821497
RUSHB,0.2208447043688591
RUTH,-0.03994105986756307
RVNC,-0.26365863591118543
RVP,-0.25902871314320114
RVSB,-0.02278132260318743
RWT,0.09673987820420038
RXN,-0.2413793416729133
RYAM,0.23605150573194314
RYI,0.13804293168233994
RYN,-0.10884882801671579
RYTM,-0.3719355449505677
SABR,-0.147737708849643
SACH,0.05766051487230734
SAFE,-0.015130300844842326
SAFM,-0.021815342544499593
SAFT,-0.006756861314656624
SAGE,0.05487490428894334
SAH,0.13405736361487927
SAIA,0.31239643190466393
SAIC,0.04336252388237734
SAIL,0.055059711299908165
SAL,0.021018524734566887
SALM,0.11013532912079245
SAM,-0.18433400233057542
SAMG,-0.06118490360292147
SANM,-0.06110871031035361
SANW,0.43279799294184024
SASR,-0.009462089328336866
SATS,-0.004984503163347684
SAVE,-0.10752393104390731
SBAC,-0.009207894597860257
SBCF,-0.002520860547584371
SBFG,-0.056176109754716465
SBGI,-0.07894091490579067
SBH,-0.2314821611412464
SBNY,0.12843880124691573
SBOW,0.24486749760886875
SBRA,-0.07447523967781734
SBSI,-0.0925577440445468
SBT,-0.032914371461169815
SBUX,-0.013492922496962581
SC,-0.008588868560660124
SCHL,0.09579793662661991
SCHN,0.08756505730230636
SCHW,-0.03621434817805459
SCI,0.08420779656480915
SCL,0.14726287639673855
SCON,-0.34353788114217504
SCOR,0.1770995803232513
SCS,0.1065971382789016
SCSC,-0.05694230922292435
SCVL,-0.011132834723862867
SCWX,-0.1214218862385082
SCX,-0.21516514789729801
SCYX,-0.1376121548300914
SD,0.14815751217180523
SDPI,0.32821035143687316
SEAC,-0.09749863487280183
SEAS,0.06042193862790282
SEB,-0.04115194398654576
SEDG,0.29909378717427776
SEE,-0.02771092788753073
SEIC,-0.006873365229467526
SELB,-0.042563122561682494
SELF,-0.07321144143615353
SEM,-0.026434752680532143
SENEA,0.07712166729420121
SENEB,0.2464725581454959
SENS,-0.18966956443848537
SESN,0.591724949826042
SF,0.06413563050792206
SFBC,-0.06500039491620463
SFBS,0.09092912736563027
SFE,-0.028405926949985102
SFIX,-0.2156842617804229
SFM,-0.06485005374438264
SFNC,-0.034570865245247294
SFST,-0.090221219518746
SGA,-0.13400912161378975
SGC,0.0741033400513095
SGEN,0.12535759769035415
SGH,0.06390328122171725
SGMA,0.27939641176259705
SGMO,-0.06114354012251952
SGMS,-0.10195520314554506
SGRP,-0.23666719003557668
SGRY,-0.18290414779545341
SHAK,-0.061692146222142946
SHBI,0.018803635784020358
SHEN,-0.02626278417633143
SHO,-0.050746091188326896
SHOO,-0.03763769329735353
SHSP,0.054810164225347034
SHW,0.10941019711851512
SIEB,0.0800615546869108
SIEN,0.1226245069716403
SIF,-0.2841983824728149
SIG,0.13530011592364974
SIGA,-0.09596417073820876
SIGI,-0.07927389254757629
SINT,0.08775479041995518
SIRI,-0.052146046469092835
SITC,-0.09785130088807181
SITE,0.08086513073006767
SIVB,0.2193269580086037
SIX,-0.07524881751379121
SJI,-0.06389926525041209
SJM,0.024017145171665064
SJW,-0.02017711900292118
SKT,-0.15907059531122605
SKX,-0.04381709997273896
SKY,0.04453613970439448
SKYW,-0.05403852031612038
SLAB,0.15262969720696942
SLB,0.0030729835022536584
SLCA,-0.02674961943942556
SLCT,0.12822465587170762
SLDB,0.2909889940242742
SLG,-0.17762406423375104
SLGN,0.113174145750882
SLM,-0.1339825783803299
SLNO,0.8365873277408964
SLP,0.010931001803607369
SLS,-0.17843386641564496
SM,0.4218202746028259
SMBC,0.043047533970789094
SMBK,0.0015553794901427306
SMED,0.006850030927744887
SMG,-0.2083149047689174
SMIT,-0.16475007596072053
SMMF,-0.0705123864591365
SMP,0.06050486188485617
SMPL,0.1364842620948972
SMSI,0.16324748304888656
SMTC,0.09591404302057707
SNA,-0.16780967462804203
SNAP,-0.11101115181379552
SNBR,-0.1638920399657521
SNCR,-0.005935577049060912
SND,0.05878767648764417
SNDR,0.1119750073640122
SNDX,-0.06303966177791456
SNFCA,-0.08346675479669068
SNOA,0.10077938921738629
SNPS,0.07459600219020929
SNR,-0.22606009982708808
SNV,-0.03927467910271025
SNX,-0.11485017744151527
SO,-0.11122900939970246
SOHO,-0.1481184270328066
SOI,-0.09715757021265396
SON,-0.04564923786224897
SP,-0.11744264733620939
SPB,0.008523316767874257
SPG,0.10118221142513738
SPGI,-0.015809907960647355
SPLK,0.1958589321982095
SPNE,-0.20281847963166955
SPOK,0.035052328549468784
SPPI,-0.10598155725317171
SPR,-0.04272618530702009
SPRO,-0.0707301228158578
SPRT,-1.1292273317989532
SPSC,0.12006510881148169
SPTN,0.010741328612600994
SPWH,-0.026042477676121
SPWR,1.443123213214241
SPXC,-0.05685911822374381
SQ,-0.04895523459741367
SQBG,0.4444657093400069
SR,-0.05498294420752154
SRC,-0.12473248701503191
SRCE,0.024435927010062107
SRCL,-0.017657053240372256
SRDX,-0.11265312103219344
SRE,-0.04076613529027536
SREV,-0.08601530902583099
SRG,-0.050716351404453526
SRI,-0.010677028435942591
SRNE,-0.07238106279212016
SRPT,0.2559510527170578
SRT,-0.11289344611953722
SRTS,0.06153624839579385
SSB,-0.03182328510611848
SSBI,-0.021788632471371694
SSD,0.042060381567674755
SSKN,0.09819989191687727
SSNC,0.06627282980966819
SSP,-0.02022455335039767
SSTI,0.060204296647989514
SSTK,0.1359299738106189
ST,-0.07606164889399934
STAA,0.05597248464576514
STAG,0.04114300034672468
STAR,0.041908807106735606
STBA,0.04482602235776377
STC,0.06989633514811032
STCN,0.010396536338306245
STE,0.0010818693952096704
STFC,-0.13734185712925182
STKS,0.05900445639643488
STL,-0.0578502839970801
STLD,-0.06110553939439558
STMP,-0.13333620113253628
STOR,-0.09139479456210753
STRA,-0.32274630074211896
STRL,-0.0433432890353858
STRM,-0.06514187389775479
STRS,-0.010254327406310793
STRT,0.06332859485252915
STT,0.0025034687532529696
STWD,-0.15636957346523953
STX,0.06817626763378705
STZ,-0.06376758998351433
SUI,-0.008284740767050209
SUM,-0.018931818376110195
SUMR,-0.006568443116523479
SUNW,-0.2736559552547609
SUP,-0.2987986990825284
SUPN,0.12607847542096282
SVBI,-0.026631899248690822
SVRA,-0.028913173335954025
SVT,0.055273200343198756
SWCH,-0.004573749237011605
SWK,0.004508958066072474
SWKS,-0.04853114805204272
SWM,-0.07567110286209472
SWN,-0.004081756855913661
SWX,0.02830531902813042
SXC,0.06352603187881203
SXI,0.05194547386863128
SXT,0.05983293950313054
SYBT,0.14419650109731913
SYBX,0.22179903941622578
SYF,-0.10408591129266141
SYK,-0.006193248971882958
SYN,0.1890248223186315
SYNA,0.056157994760848456
SYNH,0.05606015793868604
SYNL,0.14371536822630498
SYPR,0.06602120207558497
SYRS,-0.09073869393643522
SYY,-0.14535968080669576
T,0.0024227751252508954
TACO,-0.0498550227997566
TACT,0.042659683461918084
TAIT,-0.1103564421142772
TAP,-0.09056985661703668
TAST,-0.014736831794233332
TAYD,-0.05578872308878176
TBBK,0.20517784582627846
TBI,-0.017944916887206
TBK,0.3296212565177207
TBNK,-0.11285845386125096
TBPH,-0.010471974305752713
TCBI,-0.09361757421112787
TCBK,-0.055991759462661266
TCFC,-0.09025498289380066
TCI,-0.08638661727652064
TCMD,0.070020779782336
TCON,0.05281071028463356
TCS,-0.25085745277705973
TDC,-0.10223617133858005
TDG,-0.05149998885387381
TDOC,0.26866972759911373
TDS,0.06923019929728716
TDW,-0.04301902324490929
TDY,-0.001604902223152738
TECH,0.05260666383030147
TEL,0.0876358601879014
TELL,0.016860549923279025
TEN,0.16920795356494256
TENX,0.1456555539202031
TER,0.061605301756652096
TESS,0.0053166918863387985
TEUM,-0.018578842036202883
TEX,-0.07601116694273735
TFSL,-0.04976101782570057
TFX,-0.01429320146745703
TG,-0.08976700328011902
TGEN,-0.20734465613315278
TGI,-0.1385001727142352
TGLS,0.2491089481165711
TGNA,-0.03510439815310066
TGT,0.1144880703983336
TGTX,-0.3075218899872593
THC,-0.10757985601981548
THFF,0.036018629396387405
THG,-0.13908475073836704
THO,0.043491597025345476
THR,0.029569159630637314
THRM,0.011460728781147688
THS,0.0760320874634035
TILE,-0.087197436963661
TIPT,0.46788377426059097
TISI,-0.06905954532070568
TITN,-0.03596040916779091
TJX,-0.048012688747198544
TKR,0.10538314877434041
TLGT,0.31539963616847094
TLYS,-0.05246714861770224
TMHC,0.05207959990785853
TMO,0.09114462010034173
TMP,-0.09176520701325042
TMST,0.20811611878501426
TMUS,-0.07881577677516155
TNC,-0.016633517726114058
TNDM,0.04713452841479981
TNET,0.05308253840662004
TNXP,-3.3547982118738107
TOL,0.0020345324676945675
TOWN,-0.018159099571748983
TPB,-0.19216109143607982
TPC,-0.027238090350293197
TPH,0.09119510599030958
TPHS,-0.17860599516360903
TPIC,0.09026282646702365
TPR,-0.03779655688773299
TPX,0.00878466438393535
TR,0.050469938624087586
TRC,-0.028737711701730905
TREC,-0.06872370347321256
TREE,0.16850534626925637
TREX,0.015479085089393094
TRGP,0.11252064195269844
TRHC,0.28910944655480925
TRIP,-0.07891373616303884
TRMB,-0.00438687745718211
TRMK,0.0007447195206514227
TRN,-0.12344065942043225
TRNO,0.0365105470540784
TRNS,0.1641594769139647
TROW,0.091067775920856
TROX,0.025238720413379552
TRS,0.029646961984743425
TRST,0.008668091203272488
TRT,-0.08256829189486056
TRTN,0.2500415413569638
TRTX,0.05929284445769904
TRU,-0.01387508256560627
TRUP,0.08533691959844783
TRV,-0.11054795514760798
TRVN,-0.2511475960211632
TSBK,0.010296401778957392
TSC,0.032785747194664865
TSCO,0.1402518435921143
TSE,-0.056678199449598905
TSLA,0.6644111307804137
TSN,-0.016871223789457344
TSQ,0.033211315701394926
TTC,-0.03275682751920205
TTD,0.3184745444302331
TTEC,-0.03260837985304509
TTEK,0.21672578016813251
TTGT,0.1749548450535727
TTI,0.09701826815572541
TTMI,-0.02852744861405569
TTNP,-1.0648611798577177
TTOO,0.22145250469866232
TTWO,0.10248734375070696
TUP,-0.07227360442215289
TUSK,0.32200797505892187
TVTY,0.0985505644266122
TWI,0.046664068871385474
TWIN,0.1395993442684245
TWLO,-0.2496491949561977
TWNK,0.06319817777486471
TWO,-0.03557328446629774
TWOU,0.07559950250901017
TWTR,-0.08946233809021154
TXMD,0.3480445242538702
TXN,0.05409282818036277
TXRH,-0.13682447774499626
TXT,0.013368532336475671
TYL,0.13117197978800155
TYME,-0.07182547997452463
TZOO,0.008955601852067244
UA,-0.07138726456541578
UAA,-0.06409301647441369
UAL,0.1625052840508196
UAMY,-0.5000345977865235
UBA,-0.021496080351560757
UBCP,-0.01550090718439005
UBFO,0.006840942109325289
UBOH,-0.1021732953145323
UBSI,-0.0838377810499951
UCBI,-0.045082364617581624
UCTT,7.549948066126957e-05
UDR,0.0036406251803075486
UE,-0.17999914187795027
UEC,0.2191033179678662
UEIC,-0.2439674464326737
UFAB,0.1457115215654931
UFCS,-0.24641038097314347
UFI,-0.04447491671803682
UFPI,0.20842850940963148
UFPT,-0.049760042202917354
UFS,0.10491897638320065
UG,0.0375044767989631
UGI,-0.006077112959877345
UHAL,0.18978432816556412
UHS,-0.16975659710486882
UHT,-0.01910743463778029
UIHC,0.2502761634371631
UIS,-0.0282170751125462
ULBI,-0.12560928797874976
ULH,0.009649607437047738
ULTA,-0.13882892605040933
UMBF,-0.04267149382886615
UMH,0.03517730742271349
UMPQ,0.0068008780994161366
UNAM,0.3684935954009712
UNB,0.07847230747109858
UNF,-0.11457621573315714
UNFI,0.07718279891644596
UNH,0.1313244587795419
UNIT,-0.12079107895658174
UNM,-0.03950585241963156
UNP,0.0953790820107496
UNTY,-0.006521902280280028
UNVR,0.09446833544155395
UONE,-0.6988265339009554
UONEK,0.12441693487849952
UPLD,-0.035820530546293965
UPS,0.16184241423198678
URBN,-0.05299876585544809
URI,0.07400930944946404
USAK,0.24703503120260137
USAP,-0.062358155329639064
USB,0.02570519051058171
USEG,0.13267196389165317
USFD,-0.08812164812365247
USIO,-0.015012655537971521
USLM,-0.12759267072517513
USM,0.0372558545227283
USNA,-0.029547496240773165
USPH,0.013519265984838979
UTHR,-0.028795558753157514
UTI,0.03040311906415675
UTL,-0.08670450702965658
UTMD,-0.00721066474665978
UUU,-1.5590171372568573
UVE,0.1593043718443625
UVSP,-0.06952176418471698
UVV,-0.07841454147430087
V,0.01632106386746189
VAC,-0.15491046571458345
VALU,-0.04440971462061986
VBFC,0.01808418984354372
VBIV,0.054368415423763
VBTX,0.013424049033047922
VC,-0.04584553071821315
VCEL,-0.3404984777994455
VCRA,0.050831944538033746
VCYT,0.1023659259181268
VEC,-0.1345719177125376
VECO,0.08986286489808419
VEEV,0.07114642738115075
VER,-0.08687539204826464
VERI,0.5132193227433353
VERU,-0.2913372422388478
VFC,-0.0994575339028373
VG,0.0729553214969657
VGR,-0.14504136780328572
VHC,0.2067383700926766
VIAV,-0.003632603345904484
VICI,-0.031063323436038823
VICR,0.13432612591114265
VIRC,-0.03419775582130426
VIRT,-0.03757075278238544
VISL,-0.19365151389003263
VIVO,0.181120088610055
VKTX,0.13378057304777297
VLGEA,0.0508505263475248
VLO,-0.045470075435290476
VLY,-0.0835691249082672
VMC,0.06282027768197543
VMI,-0.030424555065489346
VMW,0.026403799086854914
VNCE,0.3946509571004664
VNDA,0.05273460918088835
VNO,-0.14137070802859564
VNRX,0.10662951711399402
VNTR,0.03067522828964648
VOXX,-0.22632423456853337
VOYA,0.028281970032876736
VPG,-0.04700534175891711
VRA,-0.03220283907761724
VRAY,0.19003795994379782
VREX,-0.1612654900809244
VRNS,-0.13000015136618787
VRNT,0.021988287506880193
VRRM,-0.14646813174031437
VRS,-0.06461329785884846
VRSK,0.09114138685121487
VRSN,0.014813116798499268
VRTS,0.0968151505513532
VRTV,0.21403137386708143
VRTX,0.04002943320424057
VSAT,0.14008497968711728
VSEC,-0.025566128909711903
VSH,-0.12498787457298749
VST,-0.02147284902614711
VSTM,-0.18423269806600331
VSTO,0.11241180043059132
VTNR,0.546477840391787
VTR,-0.019692863589593494
VTVT,0.0612841833970606
VUZI,0.19847898071085704
VVI,-0.06809536366244416
VVV,0.0962848311600316
VXRT,-0.11638797759545459
VYGR,-0.05034325082967677
VZ,0.0173538780573587
W,0.1690618922899785
WAB,0.10300382819909819
WABC,0.05592853695157036
WAFD,-0.05915908670241298
WAL,0.012035706706140748
WASH,0.053987382020988274
WAT,-0.046654451229720645
WATT,-0.07549484851638943
WBA,-0.07356923865515998
WBS,-0.03199117085980771
WBT,0.04375616737022313
WCC,0.17261056979770859
WD,0.14316898997651364
WDAY,-0.0563663143602897
WDC,-0.19928950626486483
WDFC,-0.06027120657655561
WEC,-0.061904869783145786
WELL,-0.07585486897687646
WEN,0.026187775010148916
WERN,0.1109902210071159
WETF,0.018879567660712956
WEX,-0.056108683469701014
WEYS,0.08383318763632769
WFC,0.11089524287962264
WGO,0.15040408323026147
WHG,-0.10795756781635048
WHLM,0.0300013809141351
WHLR,-0.26925244067272674
WHR,0.016267557454532868
WINA,-0.022519124574240157
WING,-0.0012010426070088488
WIRE,0.4874775745419638
WK,-0.0041701433750626115
WKHS,-3.270405043604252
WLDN,-0.1413441257665681
WLFC,0.02046341101886813
WLK,0.015546480205823629
WLL,-0.07011563521932582
WLTW,0.11209004839627199
WM,0.010016895666513093
WMB,0.027516064692358844
WMC,0.05771353634923936
WMK,0.03121452900539899
WMS,0.0188226642720568
WMT,0.012841426494519848
WNC,0.014202891558408879
WNEB,0.16329332126311621
WOR,-0.13743024127911171
WOW,-0.11088317787608354
WPC,-0.024502705532698652
WPG,-1.2068058931568288
WRB,-0.06061519147089152
WRE,-0.0625714334412825
WRK,-0.04766492297562616
WRLD,-0.04226022029129258
WSBC,0.11404674944476445
WSBF,0.058075853587540735
WSC,0.1455677121322576
WSFS,0.036923735798842186
WSM,0.21319855649153296
WSO,0.12014396021105947
WSR,0.030224528476050384
WST,-0.032728700840535835
WSTG,-0.08787825851572038
WSTL,0.10833719133820649
WTBA,-0.016912856822605956
WTFC,0.02811200094946335
WTI,0.24161460904181917
WTM,-0.12099336226202523
WTRH,0.13557691649017029
WTS,0.13191537531155673
WTT,0.021697971383490413
WTTR,-0.10883105518524744
WU,-0.03859537767919104
WVE,0.43582544766948444
WVFC,-0.02663542107263692
WVVI,0.2050604009553229
WW,0.011487858993864782
WWD,-0.10990566715779973
WWE,0.2666895198320775
WWR,0.010758910101710466
WWW,-0.016033012346161595
WY,0.06446096904598662
WYNN,-0.1480772880757681
WYY,-0.08215693417261835
X,-0.03118817151379245
XBIT,-0.03769853473254187
XEC,0.2281888844737568
XEL,-0.05886270656078676
XELA,-0.3627356470893906
XELB,0.004285504005375156
XENT,0.0451067224176203
XFOR,0.11098397261770396
XHR,-0.11309085725794746
XLNX,0.08411274628810278
XLRN,0.2554401563142837
XNCR,-0.007613818624550544
XOM,0.032948427364980194
XOMA,0.043198217726716295
XONE,-0.09910344439304997
XPER,-0.16621586491134538
XPL,-0.03243552511385258
XPO,-0.0062567709066795076
XRAY,-0.1050511715946433
XRX,-0.027943801619675773
XSPA,0.01373618026593213
XTNT,-0.1127111696427196
XXII,-0.044947778776776554
XYL,0.0334730094722903
Y,-0.05607492366565909
YELP,0.050308702637346756
YEXT,0.04461040030957639
YORW,-0.041841522087483
YTEN,0.2354412726624617
YUM,-0.007505813722426801
Z,-0.05364107672947831
ZBH,0.04922123083135031
ZBRA,-0.10487097069807574
ZDGE,-0.1837229435762016
ZEN,-0.10536007816072329
ZEUS,-0.0064317113517079905
ZG,-0.04444045557102187
ZGNX,0.19465297221133818
ZION,0.006714283159807432
ZIOP,-0.07863005404100638
ZIXI,-0.04848357971665274
ZNGA,-0.11668174525417144
ZSAN,0.4335216972638983
ZTS,0.0011651712179556945
ZUMZ,-0.06692458815823578
ZYNE,-0.054790990577408175
ZYXI,-0.13010670092191548
